{
    "name": "root",
    "gauges": {
        "botCollision_behaviour_V2.Policy.Entropy.mean": {
            "value": 1.8314998149871826,
            "min": 1.8314998149871826,
            "max": 1.8314998149871826,
            "count": 1
        },
        "botCollision_behaviour_V2.Policy.Entropy.sum": {
            "value": 18307.671875,
            "min": 18307.671875,
            "max": 18307.671875,
            "count": 1
        },
        "botCollision_behaviour_V2.Step.mean": {
            "value": 1319960.0,
            "min": 1319960.0,
            "max": 1319960.0,
            "count": 1
        },
        "botCollision_behaviour_V2.Step.sum": {
            "value": 1319960.0,
            "min": 1319960.0,
            "max": 1319960.0,
            "count": 1
        },
        "botCollision_behaviour_V2.Policy.ExtrinsicValueEstimate.mean": {
            "value": 35.73215866088867,
            "min": 35.73215866088867,
            "max": 35.73215866088867,
            "count": 1
        },
        "botCollision_behaviour_V2.Policy.ExtrinsicValueEstimate.sum": {
            "value": 5574.216796875,
            "min": 5574.216796875,
            "max": 5574.216796875,
            "count": 1
        },
        "botCollision_behaviour_V2.Policy.GailValueEstimate.mean": {
            "value": 34.66434860229492,
            "min": 34.66434860229492,
            "max": 34.66434860229492,
            "count": 1
        },
        "botCollision_behaviour_V2.Policy.GailValueEstimate.sum": {
            "value": 5407.638671875,
            "min": 5407.638671875,
            "max": 5407.638671875,
            "count": 1
        },
        "botCollision_behaviour_V2.Environment.EpisodeLength.mean": {
            "value": 2018.0,
            "min": 2018.0,
            "max": 2018.0,
            "count": 1
        },
        "botCollision_behaviour_V2.Environment.EpisodeLength.sum": {
            "value": 8072.0,
            "min": 8072.0,
            "max": 8072.0,
            "count": 1
        },
        "botCollision_behaviour_V2.Environment.CumulativeReward.mean": {
            "value": 1650.077143907547,
            "min": 1650.077143907547,
            "max": 1650.077143907547,
            "count": 1
        },
        "botCollision_behaviour_V2.Environment.CumulativeReward.sum": {
            "value": 6600.308575630188,
            "min": 6600.308575630188,
            "max": 6600.308575630188,
            "count": 1
        },
        "botCollision_behaviour_V2.Policy.ExtrinsicReward.mean": {
            "value": 495.02317357063293,
            "min": 495.02317357063293,
            "max": 495.02317357063293,
            "count": 1
        },
        "botCollision_behaviour_V2.Policy.ExtrinsicReward.sum": {
            "value": 1980.0926942825317,
            "min": 1980.0926942825317,
            "max": 1980.0926942825317,
            "count": 1
        },
        "botCollision_behaviour_V2.Policy.GailReward.mean": {
            "value": 659.9314549565315,
            "min": 659.9314549565315,
            "max": 659.9314549565315,
            "count": 1
        },
        "botCollision_behaviour_V2.Policy.GailReward.sum": {
            "value": 2639.725819826126,
            "min": 2639.725819826126,
            "max": 2639.725819826126,
            "count": 1
        },
        "botCollision_behaviour_V2.IsTraining.mean": {
            "value": 1.0,
            "min": 1.0,
            "max": 1.0,
            "count": 1
        },
        "botCollision_behaviour_V2.IsTraining.sum": {
            "value": 1.0,
            "min": 1.0,
            "max": 1.0,
            "count": 1
        }
    },
    "metadata": {
        "timer_format_version": "0.1.0",
        "start_time_seconds": "1634266807",
        "python_version": "3.9.5 (tags/v3.9.5:0a7dcbd, May  3 2021, 17:27:52) [MSC v.1928 64 bit (AMD64)]",
        "command_line_arguments": "C:\\Python39\\Scripts\\mlagents-learn config\\botCollision_behaviour_V2.yaml --torch-device=cuda --run-id=CollisionBrain_V2 --resume",
        "mlagents_version": "0.27.0",
        "mlagents_envs_version": "0.27.0",
        "communication_protocol_version": "1.5.0",
        "pytorch_version": "1.7.1+cu110",
        "numpy_version": "1.19.5",
        "end_time_seconds": "1634267197"
    },
    "total": 389.26057610000004,
    "count": 1,
    "self": 0.01521180000008826,
    "children": {
        "run_training.setup": {
            "total": 0.17064220000000008,
            "count": 1,
            "self": 0.17064220000000008
        },
        "TrainerController.start_learning": {
            "total": 389.0747221,
            "count": 1,
            "self": 1.932400199999961,
            "children": {
                "TrainerController._reset_env": {
                    "total": 26.764885200000002,
                    "count": 1,
                    "self": 17.2403093,
                    "children": {
                        "demo_to_buffer": {
                            "total": 9.524575900000002,
                            "count": 2,
                            "self": 0.00021290000000107057,
                            "children": {
                                "load_demonstration": {
                                    "total": 0.22503019999999907,
                                    "count": 2,
                                    "self": 0.21675889999999498,
                                    "children": {
                                        "read_file": {
                                            "total": 0.00827130000000409,
                                            "count": 6,
                                            "self": 0.00827130000000409
                                        }
                                    }
                                },
                                "make_demo_buffer": {
                                    "total": 9.299332800000002,
                                    "count": 2,
                                    "self": 1.545477800000107,
                                    "children": {
                                        "steps_from_proto": {
                                            "total": 7.753854999999895,
                                            "count": 32988,
                                            "self": 4.218715100000356,
                                            "children": {
                                                "_process_rank_one_or_two_observation": {
                                                    "total": 3.535139899999539,
                                                    "count": 131952,
                                                    "self": 3.535139899999539
                                                }
                                            }
                                        }
                                    }
                                }
                            }
                        }
                    }
                },
                "TrainerController.advance": {
                    "total": 358.4604679,
                    "count": 18332,
                    "self": 0.6492057000016871,
                    "children": {
                        "env_step": {
                            "total": 353.8292256999976,
                            "count": 18332,
                            "self": 252.24234280000206,
                            "children": {
                                "SubprocessEnvManager._take_step": {
                                    "total": 101.18582969999831,
                                    "count": 18332,
                                    "self": 1.9696786999950717,
                                    "children": {
                                        "TorchPolicy.evaluate": {
                                            "total": 99.21615100000324,
                                            "count": 18324,