{
    "name": "root",
    "gauges": {
        "botCollision_behaviour_V2.Policy.Entropy.mean": {
            "value": 2.112067461013794,
            "min": 2.112067461013794,
            "max": 2.112069606781006,
            "count": 6
        },
        "botCollision_behaviour_V2.Policy.Entropy.sum": {
            "value": 21154.46875,
            "min": 6707.92919921875,
            "max": 21171.3671875,
            "count": 6
        },
        "botCollision_behaviour_V2.Step.mean": {
            "value": 189963.0,
            "min": 139960.0,
            "max": 189963.0,
            "count": 6
        },
        "botCollision_behaviour_V2.Step.sum": {
            "value": 189963.0,
            "min": 139960.0,
            "max": 189963.0,
            "count": 6
        },
        "botCollision_behaviour_V2.Policy.ExtrinsicValueEstimate.mean": {
            "value": -0.2910652160644531,
            "min": -0.3091578483581543,
            "max": -0.2574422061443329,
            "count": 6
        },
        "botCollision_behaviour_V2.Policy.ExtrinsicValueEstimate.sum": {
            "value": -45.988304138183594,
            "min": -49.156097412109375,
            "max": -12.745168685913086,
            "count": 6
        },
        "botCollision_behaviour_V2.Policy.GailValueEstimate.mean": {
            "value": 0.02580885961651802,
            "min": -0.027119919657707214,
            "max": 0.02580885961651802,
            "count": 6
        },
        "botCollision_behaviour_V2.Policy.GailValueEstimate.sum": {
            "value": 4.0777997970581055,
            "min": -4.284947395324707,
            "max": 4.0777997970581055,
            "count": 6
        },
        "botCollision_behaviour_V2.Environment.EpisodeLength.mean": {
            "value": 2599.0,
            "min": 1147.5714285714287,
            "max": 2599.0,
            "count": 6
        },
        "botCollision_behaviour_V2.Environment.EpisodeLength.sum": {
            "value": 10396.0,
            "min": 2599.0,
            "max": 11458.0,
            "count": 6
        },
        "botCollision_behaviour_V2.Environment.CumulativeReward.mean": {
            "value": -3252.2850954532623,
            "min": -4911.409492492676,
            "max": -1472.2431124687196,
            "count": 6
        },
        "botCollision_behaviour_V2.Environment.CumulativeReward.sum": {
            "value": -13009.14038181305,
            "min": -17579.723994255066,
            "max": -4911.409492492676,
            "count": 6
        },
        "botCollision_behaviour_V2.Policy.ExtrinsicReward.mean": {
            "value": -975.6855545043945,
            "min": -1473.422794342041,
            "max": -441.67293832302096,
            "count": 6
        },
        "botCollision_behaviour_V2.Policy.ExtrinsicReward.sum": {
            "value": -3902.742218017578,
            "min": -5273.9174246788025,
            "max": -1473.422794342041,
            "count": 6
        },
        "botCollision_behaviour_V2.Policy.GailReward.mean": {
            "value": 1651.4373545646667,
            "min": 729.7767278466906,
            "max": 1660.0943584442139,
            "count": 6
        },
        "botCollision_behaviour_V2.Policy.GailReward.sum": {
            "value": 6605.749418258667,
            "min": 1660.0943584442139,
            "max": 7275.094585418701,
            "count": 6
        },
        "botCollision_behaviour_V2.IsTraining.mean": {
            "value": 1.0,
            "min": 1.0,
            "max": 1.0,
            "count": 6
        },
        "botCollision_behaviour_V2.IsTraining.sum": {
            "value": 1.0,
            "min": 1.0,
            "max": 1.0,
            "count": 6
        }
    },
    "metadata": {
        "timer_format_version": "0.1.0",
        "start_time_seconds": "1634194822",
        "python_version": "3.9.5 (tags/v3.9.5:0a7dcbd, May  3 2021, 17:27:52) [MSC v.1928 64 bit (AMD64)]",
        "command_line_arguments": "C:\\Python39\\Scripts\\mlagents-learn config\\botCollision_behaviour_V2.yaml --torch-device=cuda --run-id=CollisionBrain_V2 --resume",
        "mlagents_version": "0.27.0",
        "mlagents_envs_version": "0.27.0",
        "communication_protocol_version": "1.5.0",
        "pytorch_version": "1.7.1+cu110",
        "numpy_version": "1.19.5",
        "end_time_seconds": "1634196413"
    },
    "total": 1591.4729419,
    "count": 1,
    "self": 0.018735900000137917,
    "children": {
        "run_training.setup": {
            "total": 0.14955779999999996,
            "count": 1,
            "self": 0.14955779999999996
        },
        "TrainerController.start_learning": {
            "total": 1591.3046482,
            "count": 1,
            "self": 2.7097085000109473,
            "children": {
                "TrainerController._reset_env": {
                    "total": 22.8589669,
                    "count": 1,
                    "self": 12.833954299999997,
                    "children": {
                        "demo_to_buffer": {
                            "total": 10.025012600000002,
                            "count": 2,
                            "self": 0.00026560000000230843,
                            "children": {
                                "load_demonstration": {
                                    "total": 0.20167309999999894,
                                    "count": 2,
                                    "self": 0.19857089999999644,
                                    "children": {
                                        "read_file": {
                                            "total": 0.0031022000000024974,
                                            "count": 6,
                                            "self": 0.0031022000000024974
                                        }
                                    }
                                },
                                "make_demo_buffer": {
                                    "total": 9.8230739,
                                    "count": 2,
                                    "self": 1.6320317999996679,
                                    "children": {
                                        "steps_from_proto": {
                                            "total": 8.191042100000333,
                                            "count": 32988,
                                            "self": 4.4659550000001556,
                                            "children": {
                                                "_process_rank_one_or_two_observation": {
                                                    "total": 3.7250871000001773,
                                                    "count": 131952,
                                                    "self": 3.7250871000001773
                                                }
                                            }
                                        }
                                    }
                                }
                            }
                        }
                    }
                },
                "TrainerController.advance": {
                    "total": 1563.866982699989,
                    "count": 60050,
                    "self": 2.8194373000126234,
                    "children": {
                        "env_step": {
                            "total": 1542.1282645999895,
                            "count": 60050,
                            "self": 1084.0519665000024,
                            "children": {
                                "SubprocessEnvManager._take_step": {
                                    "total": 456.29911359999886,
                                    "count": 60050,
                                    "self": 8.96087029998688,