{
    "name": "root",
    "gauges": {
        "botCollision_behaviour.Policy.Entropy.mean": {
            "value": 1.4196938276290894,
            "min": 1.4189382791519165,
            "max": 1.4196938276290894,
            "count": 11
        },
        "botCollision_behaviour.Policy.Entropy.sum": {
            "value": 14296.31640625,
            "min": 14111.755859375,
            "max": 14296.31640625,
            "count": 11
        },
        "botCollision_behaviour.Step.mean": {
            "value": 109999.0,
            "min": 9947.0,
            "max": 109999.0,
            "count": 11
        },
        "botCollision_behaviour.Step.sum": {
            "value": 109999.0,
            "min": 9947.0,
            "max": 109999.0,
            "count": 11
        },
        "botCollision_behaviour.Policy.ExtrinsicValueEstimate.mean": {
            "value": -0.3750327527523041,
            "min": -0.3750327527523041,
            "max": -0.013205043971538544,
            "count": 11
        },
        "botCollision_behaviour.Policy.ExtrinsicValueEstimate.sum": {
            "value": -61.50537109375,
            "min": -61.50537109375,
            "max": -2.1392171382904053,
            "count": 11
        },
        "botCollision_behaviour.Policy.GailValueEstimate.mean": {
            "value": 0.11940858513116837,
            "min": -0.12335475534200668,
            "max": 0.16031327843666077,
            "count": 11
        },
        "botCollision_behaviour.Policy.GailValueEstimate.sum": {
            "value": 19.5830078125,
            "min": -19.983470916748047,
            "max": 26.291378021240234,
            "count": 11
        },
        "botCollision_behaviour.Environment.EpisodeLength.mean": {
            "value": 1216.25,
            "min": 939.3636363636364,
            "max": 1665.6666666666667,
            "count": 11
        },
        "botCollision_behaviour.Environment.EpisodeLength.sum": {
            "value": 9730.0,
            "min": 8020.0,
            "max": 10410.0,
            "count": 11
        },
        "botCollision_behaviour.Environment.CumulativeReward.mean": {
            "value": -720.5250260233879,
            "min": -1057.285727586065,
            "max": -557.8000095175071,
            "count": 11
        },
        "botCollision_behaviour.Environment.CumulativeReward.sum": {
            "value": -5764.200208187103,
            "min": -7401.000093102455,
            "max": -4868.300249874592,
            "count": 11
        },
        "botCollision_behaviour.Policy.ExtrinsicReward.mean": {
            "value": -576.4200363531709,
            "min": -845.8286266241755,
            "max": -446.24002792483026,
            "count": 11
        },
        "botCollision_behaviour.Policy.ExtrinsicReward.sum": {
            "value": -4611.360290825367,
            "min": -5920.800386369228,
            "max": -3894.6403005719185,
            "count": 11
        },
        "botCollision_behaviour.Policy.GailReward.mean": {
            "value": 502.3064294308424,
            "min": 389.2396702224558,
            "max": 693.6411461134752,
            "count": 11
        },
        "botCollision_behaviour.Policy.GailReward.sum": {
            "value": 4018.451435446739,
            "min": 3310.335574030876,
            "max": 4313.164715766907,
            "count": 11
        },
        "botCollision_behaviour.IsTraining.mean": {
            "value": 1.0,
            "min": 1.0,
            "max": 1.0,
            "count": 11
        },
        "botCollision_behaviour.IsTraining.sum": {
            "value": 1.0,
            "min": 1.0,
            "max": 1.0,
            "count": 11
        },
        "botCollision_behaviour.Losses.PolicyLoss.mean": {
            "value": 0.0034732350846752524,
            "min": 0.0034732350846752524,
            "max": 0.004173886007629335,
            "count": 2
        },
        "botCollision_behaviour.Losses.PolicyLoss.sum": {
            "value": 0.0034732350846752524,
            "min": 0.0034732350846752524,
            "max": 0.004173886007629335,
            "count": 2
        },
        "botCollision_behaviour.Losses.ValueLoss.mean": {
            "value": 53.65918617248535,
            "min": 53.65918617248535,
            "max": 59.86104049682617,
            "count": 2
        },
        "botCollision_behaviour.Losses.ValueLoss.sum": {
            "value": 53.65918617248535,
            "min": 53.65918617248535,
            "max": 59.86104049682617,
            "count": 2
        },
        "botCollision_behaviour.Policy.LearningRate.mean": {
            "value": 7.935931280085999e-05,
            "min": 7.935931280085999e-05,
            "max": 7.967964840044001e-05,
            "count": 2
        },
        "botCollision_behaviour.Policy.LearningRate.sum": {
            "value": 7.935931280085999e-05,
            "min": 7.935931280085999e-05,
            "max": 7.967964840044001e-05,
            "count": 2
        },
        "botCollision_behaviour.Policy.Epsilon.mean": {
            "value": 0.14959956999999996,
            "min": 0.14959956999999996,
            "max": 0.14979978,
            "count": 2
        },
        "botCollision_behaviour.Policy.Epsilon.sum": {
            "value": 0.14959956999999996,
            "min": 0.14959956999999996,
            "max": 0.14979978,
            "count": 2
        },
        "botCollision_behaviour.Policy.Beta.mean": {
            "value": 0.000496075786,
            "min": 0.000496075786,
            "max": 0.000498037844,
            "count": 2
        },
        "botCollision_behaviour.Policy.Beta.sum": {
            "value": 0.000496075786,
            "min": 0.000496075786,
            "max": 0.000498037844,
            "count": 2
        },
        "botCollision_behaviour.Policy.GAILPolicyEstimate.mean": {
            "value": 0.49812673926353457,
            "min": 0.49812673926353457,
            "max": 0.49842138290405275,
            "count": 2
        },
        "botCollision_behaviour.Policy.GAILPolicyEstimate.sum": {
            "value": 0.49812673926353457,
            "min": 0.49812673926353457,
            "max": 0.49842138290405275,
            "count": 2
        },
        "botCollision_behaviour.Policy.GAILExpertEstimate.mean": {
            "value": 0.4971031993627548,
            "min": 0.4957699984312057,
            "max": 0.4971031993627548,
            "count": 2
        },
        "botCollision_behaviour.Policy.GAILExpertEstimate.sum": {
            "value": 0.4971031993627548,
            "min": 0.4957699984312057,
            "max": 0.4971031993627548,
            "count": 2
        },
        "botCollision_behaviour.Losses.GAILLoss.mean": {
            "value": 1.3885564923286438,
            "min": 1.3885564923286438,
            "max": 1.3917694568634034,
            "count": 2
        },
        "botCollision_behaviour.Losses.GAILLoss.sum": {
            "value": 1.3885564923286438,
            "min": 1.3885564923286438,
            "max": 1.3917694568634034,
            "count": 2
        },
        "botCollision_behaviour.Policy.GAILGradMagLoss.mean": {
            "value": 9.44039077758789,
            "min": 9.44039077758789,
            "max": 9.558843231201172,
            "count": 2
        },
        "botCollision_behaviour.Policy.GAILGradMagLoss.sum": {
            "value": 9.44039077758789,
            "min": 9.44039077758789,
            "max": 9.558843231201172,
            "count": 2
        },
        "botCollision_behaviour.Losses.PretrainingLoss.mean": {
            "value": 1.6922094821929932,
            "min": 1.6922094821929932,
            "max": 1.7015460729599,
            "count": 2
        },
        "botCollision_behaviour.Losses.PretrainingLoss.sum": {
            "value": 1.6922094821929932,
            "min": 1.6922094821929932,
            "max": 1.7015460729599,
            "count": 2
        }
    },
    "metadata": {
        "timer_format_version": "0.1.0",