{"count":1,"self":150.2142848,"total":239.221142,"children":{"InitializeActuators":{"count":1,"self":0.0019998999999999998,"total":0.0019998999999999998,"children":null},"InitializeSensors":{"count":1,"self":0.0029999,"total":0.0029999,"children":null},"AgentSendState":{"count":52501,"self":1.3235293,"total":2.4804569,"children":{"CollectObservations":{"count":10501,"self":0.066778499999999991,"total":0.066778499999999991,"children":null},"WriteActionMask":{"count":10501,"self":0.027994099999999997,"total":0.027994099999999997,"children":null},"RequestDecision":{"count":10501,"self":0.1369677,"total":1.062155,"children":{"AgentInfo.ToProto":{"count":10501,"self":0.1559419,"total":0.92518729999999993,"children":{"GenerateSensorData":{"count":10501,"self":0.71227889999999994,"total":0.7692454,"children":{"RayPerceptionSensor.Perceive":{"count":10501,"self":0.056966499999999996,"total":0.056966499999999996,"children":null}}}}}}}}},"DecideAction":{"count":52501,"self":85.7432832,"total":85.7432846,"children":null},"AgentAct":{"count":52501,"self":0.6850819,"total":0.7621254,"children":{"AgentInfo.ToProto":{"count":1025,"self":0.0140074,"total":0.0770435,"children":{"GenerateSensorData":{"count":1025,"self":0.0540355,"total":0.0630361,"children":{"RayPerceptionSensor.Perceive":{"count":1025,"self":0.0090006,"total":0.0090006,"children":null}}}}}}},"AgentInfo.ToProto":{"count":119,"self":0.0029957,"total":0.0139945,"children":{"GenerateSensorData":{"count":119,"self":0.0089962999999999987,"total":0.0109988,"children":{"RayPerceptionSensor.Perceive":{"count":119,"self":0.0020025,"total":0.0020025,"children":null}}}}}},"gauges":{"MoveToBall.CumulativeReward":{"count":1144,"max":0,"min":-1,"runningAverage":-0.10402108,"value":0,"weightedAverage":-8.07247757E-20}},"metadata":{"timer_format_version":"0.1.0","start_time_seconds":"1630408219","unity_version":"2020.3.16f1","command_line_arguments":"C:\\Program Files\\Unity\\Hub\\Editor\\2020.3.16f1\\Editor\\Unity.exe -projectpath C:\/Users\/Nathan\/Documents\/GitHub\/Studio_3A\/ses3a -useHub -hubIPC -cloudEnvironment production -hubSessionId 09726960-fa9b-11eb-98a1-3bed948a3315 -accessToken 1RJVlBUsyE4SpycGveb4sZZ8SPsaSzfK33xunidImaQ00ff","communication_protocol_version":"1.5.0","com.unity.ml-agents_version":"2.1.0-exp.1","scene_name":"RaceArea01","end_time_seconds":"1630408458"}}