{"count":1,"self":74.674848,"total":74.892526,"children":{"InitializeActuators":{"count":2,"self":0.0010003,"total":0.0010003,"children":null},"InitializeSensors":{"count":2,"self":0.0020006,"total":0.0020006,"children":null},"AgentSendState":{"count":2330,"self":0.024532099999999998,"total":0.0353217,"children":{"CollectObservations":{"count":337,"self":0.0010008999999999999,"total":0.0010008999999999999,"children":null},"WriteActionMask":{"count":337,"self":0.0010008999999999999,"total":0.0010008999999999999,"children":null},"RequestDecision":{"count":337,"self":0.0087878,"total":0.0087878,"children":null}}},"DecideAction":{"count":2330,"self":0.161386,"total":0.1623861,"children":{"RayPerceptionSensor.Perceive":{"count":337,"self":0.0010000999999999999,"total":0.0010000999999999999,"children":null}}},"AgentAct":{"count":2330,"self":0.015969999999999998,"total":0.015969999999999998,"children":null}},"gauges":{},"metadata":{"timer_format_version":"0.1.0","start_time_seconds":"1634561515","unity_version":"2020.3.17f1","command_line_arguments":"C:\\Program Files\\Unity\\Hub\\Editor\\2020.3.17f1\\Editor\\Unity.exe -projectpath C:\/Dev\/2021Spr_SES3A_Team1 -useHub -hubIPC -cloudEnvironment production -hubSessionId fe600190-2fba-11ec-bce7-47b990719786 -accessToken TrtIGh-bRaKEQYRtS9t17Jaefq3CK5YXF5sUXy_XqgA00ff","communication_protocol_version":"1.5.0","com.unity.ml-agents_version":"2.1.0-exp.1","scene_name":"RaceArea01","end_time_seconds":"1634561590"}}