{"count":1,"self":1637.3527551999998,"total":1642.7449606,"children":{"InitializeActuators":{"count":1,"self":0.0020001999999999997,"total":0.0020001999999999997,"children":null},"InitializeSensors":{"count":1,"self":0.0019998,"total":0.0019998,"children":null},"AgentSendState":{"count":18071,"self":0.47843159999999996,"total":0.5777804,"children":{"CollectObservations":{"count":3012,"self":0.0363551,"total":0.0363551,"children":null},"WriteActionMask":{"count":3012,"self":0.0089556999999999987,"total":0.0089556999999999987,"children":null},"RequestDecision":{"count":3012,"self":0.054037999999999996,"total":0.054037999999999996,"children":null}}},"DecideAction":{"count":18071,"self":4.4777808,"total":4.5168206,"children":{"RayPerceptionSensor.Perceive":{"count":3012,"self":0.0390398,"total":0.0390398,"children":null}}},"AgentAct":{"count":18071,"self":0.29362879999999997,"total":0.29362879999999997,"children":null}},"gauges":{"TrackDriverBehaviour.CumulativeReward":{"count":2,"max":279,"min":-8.50007,"runningAverage":135.249969,"value":-8.50007,"weightedAverage":207.124985}},"metadata":{"timer_format_version":"0.1.0","start_time_seconds":"1631492679","unity_version":"2020.3.16f1","command_line_arguments":"C:\\Program Files\\Unity\\Hub\\Editor\\2020.3.16f1\\Editor\\Unity.exe -projectpath C:\/Users\/Nathan\/Documents\/GitHub\/Studio_3A\/ses3a -useHub -hubIPC -cloudEnvironment production -hubSessionId 09726960-fa9b-11eb-98a1-3bed948a3315 -accessToken Zvu_jmIqu-7mFwfOBEJOCD7eHA6aZOEcME--4LKTleQ00ff","communication_protocol_version":"1.5.0","com.unity.ml-agents_version":"2.1.0-exp.1","scene_name":"SampleScene","end_time_seconds":"1631494322"}}