{"count":1,"self":5.2000288,"total":24.7225279,"children":{"InitializeActuators":{"count":4,"self":0.0040022999999999994,"total":0.0040022999999999994,"children":null},"InitializeSensors":{"count":4,"self":0.0039993,"total":0.0109987,"children":{"CreateObservableSensors":{"count":4,"self":0.0069993999999999994,"total":0.0069993999999999994,"children":null}}},"AgentSendState":{"count":3184,"self":0.33242459999999996,"total":0.5112822,"children":{"CollectObservations":{"count":2548,"self":0.0180891,"total":0.0180891,"children":null},"WriteActionMask":{"count":2548,"self":0.0039924999999999995,"total":0.0039924999999999995,"children":null},"RequestDecision":{"count":2548,"self":0.027027799999999998,"total":0.156776,"children":{"AgentInfo.ToProto":{"count":2548,"self":0.0151551,"total":0.1297482,"children":{"GenerateSensorData":{"count":2548,"self":0.099527999999999991,"total":0.11459309999999999,"children":{"RayPerceptionSensor.Perceive":{"count":2548,"self":0.0150651,"total":0.0150651,"children":null}}}}}}}}},"DecideAction":{"count":3184,"self":18.9393264,"total":18.939326899999998,"children":null},"AgentAct":{"count":3184,"self":0.0538861,"total":0.0538861,"children":null}},"gauges":{},"metadata":{"timer_format_version":"0.1.0","start_time_seconds":"1635000476","unity_version":"2020.3.16f1","command_line_arguments":"C:\\Program Files\\Unity\\Hub\\Editor\\2020.3.16f1\\Editor\\Unity.exe -projectpath C:\/Users\/Nathan\/Documents\/GitHub\/Studio_3A\/ses3a -useHub -hubIPC -cloudEnvironment production -hubSessionId 5bbe2330-333a-11ec-b6dd-39a3966fdb55","communication_protocol_version":"1.5.0","com.unity.ml-agents_version":"2.1.0-exp.1","scene_name":"Training-RaceArea01","end_time_seconds":"1635000501"}}