{"count":1,"self":541.540352,"total":2509.4092591999997,"children":{"InitializeActuators":{"count":1,"self":0.0009971,"total":0.0009971,"children":null},"InitializeSensors":{"count":1,"self":0.0019905,"total":0.0019905,"children":null},"AgentSendState":{"count":2095251,"self":16.335231999999998,"total":31.790503599999997,"children":{"CollectObservations":{"count":419051,"self":1.465576,"total":1.465576,"children":null},"WriteActionMask":{"count":419051,"self":0.35408029999999996,"total":0.35408029999999996,"children":null},"RequestDecision":{"count":419051,"self":1.8263608,"total":13.635615399999999,"children":{"AgentInfo.ToProto":{"count":419051,"self":1.6510528999999998,"total":11.8092547,"children":{"GenerateSensorData":{"count":419051,"self":9.218366399999999,"total":10.158201799999999,"children":{"RayPerceptionSensor.Perceive":{"count":419051,"self":0.93983509999999992,"total":0.93983509999999992,"children":null}}}}}}}}},"DecideAction":{"count":2095251,"self":1930.1103615999998,"total":1930.1103928999999,"children":null},"AgentAct":{"count":2095251,"self":5.9550804,"total":5.9550803,"children":{"AgentInfo.ToProto":{"count":32,"self":0,"total":0,"children":{"GenerateSensorData":{"count":32,"self":0,"total":0,"children":{"RayPerceptionSensor.Perceive":{"count":32,"self":0,"total":0,"children":null}}}}}}},"AgentInfo.ToProto":{"count":332,"self":0.0019927,"total":0.0089658,"children":{"GenerateSensorData":{"count":332,"self":0.0069730999999999994,"total":0.0069730999999999994,"children":{"RayPerceptionSensor.Perceive":{"count":332,"self":0,"total":0,"children":null}}}}}},"gauges":{"botCollision_behaviour_V3.CumulativeReward":{"count":364,"max":24410.4453,"min":-192995.969,"runningAverage":8250.278,"value":12270.3721,"weightedAverage":4768.21045}},"metadata":{"timer_format_version":"0.1.0","start_time_seconds":"1635301892","unity_version":"2020.3.16f1","command_line_arguments":"D:\\Unity\\2020.3.16f1\\Editor\\Unity.exe -projectpath C:\/Users\/dawso.DESKTOP-SK6U4T8\/Documents\/GitHub\/2021Spr_SES3A_Team1 -useHub -hubIPC -cloudEnvironment production -hubSessionId 8b6a9a40-3647-11ec-86b8-f5b9dcd33150","communication_protocol_version":"1.5.0","com.unity.ml-agents_version":"2.1.0-exp.1","scene_name":"Training-RaceArea01","end_time_seconds":"1635304401"}}