{"count":1,"self":58736.9742336,"total":72077.8256301,"children":{"InitializeActuators":{"count":1,"self":0.00099739999999999985,"total":0.00099739999999999985,"children":null},"InitializeSensors":{"count":1,"self":0.0019951,"total":0.0019951,"children":null},"AgentSendState":{"count":14416651,"self":130.7666944,"total":277.4663338,"children":{"CollectObservations":{"count":2883331,"self":14.112231999999999,"total":14.112231699999999,"children":null},"WriteActionMask":{"count":2883331,"self":2.8437411999999997,"total":2.8437411,"children":null},"RequestDecision":{"count":2883331,"self":13.876472,"total":129.7436635,"children":{"AgentInfo.ToProto":{"count":2883331,"self":13.4369152,"total":115.86719079999999,"children":{"GenerateSensorData":{"count":2883331,"self":96.136646399999989,"total":102.4302762,"children":{"RayPerceptionSensor.Perceive":{"count":2883331,"self":6.2936276,"total":6.2936276,"children":null}}}}}}}}},"DecideAction":{"count":14416651,"self":13014.3174656,"total":13014.317502,"children":null},"AgentAct":{"count":14416651,"self":48.997267199999996,"total":49.0251222,"children":{"AgentInfo.ToProto":{"count":492,"self":0.0030193999999999998,"total":0.027854499999999997,"children":{"GenerateSensorData":{"count":492,"self":0.0248351,"total":0.0248351,"children":{"RayPerceptionSensor.Perceive":{"count":492,"self":0,"total":0,"children":null}}}}}}},"AgentInfo.ToProto":{"count":1173,"self":0.0099379,"total":0.036883599999999996,"children":{"GenerateSensorData":{"count":1173,"self":0.0259484,"total":0.0269457,"children":{"RayPerceptionSensor.Perceive":{"count":1173,"self":0.0009973,"total":0.0009973,"children":null}}}}}},"gauges":{"botCollision_behaviour_V2.CumulativeReward":{"count":1665,"max":12825.6035,"min":-52991.04,"runningAverage":4537.94043,"value":8686.239,"weightedAverage":5700.426}},"metadata":{"timer_format_version":"0.1.0","start_time_seconds":"1634271641","unity_version":"2020.3.16f1","command_line_arguments":"D:\\Unity\\2020.3.16f1\\Editor\\Unity.exe -projectpath C:\/Users\/dawso.DESKTOP-SK6U4T8\/Documents\/GitHub\/2021Spr_SES3A_Team1 -useHub -hubIPC -cloudEnvironment production -hubSessionId 6d724710-2d67-11ec-b44f-7dd05c5b597a","communication_protocol_version":"1.5.0","com.unity.ml-agents_version":"2.1.0-exp.1","scene_name":"Training-RaceArea01","end_time_seconds":"1634343719"}}