{"count":1,"self":31566.6890752,"total":47068.313646099996,"children":{"InitializeActuators":{"count":1,"self":0.00099819999999999987,"total":0.00099819999999999987,"children":null},"InitializeSensors":{"count":1,"self":0.0010004,"total":0.0010004,"children":null},"AgentSendState":{"count":16503435,"self":156.906816,"total":362.7908429,"children":{"CollectObservations":{"count":3300687,"self":16.269512,"total":16.2695114,"children":null},"WriteActionMask":{"count":3300687,"self":3.0549052,"total":3.0549052,"children":null},"RequestDecision":{"count":3300687,"self":15.736483199999999,"total":186.5596098,"children":{"AgentInfo.ToProto":{"count":3300687,"self":15.440537599999999,"total":170.8231266,"children":{"GenerateSensorData":{"count":3300687,"self":148.0667008,"total":155.38258919999998,"children":{"RayPerceptionSensor.Perceive":{"count":3300687,"self":7.3158888,"total":7.3158886999999995,"children":null}}}}}}}}},"DecideAction":{"count":16503435,"self":15079.7172736,"total":15079.716498,"children":null},"AgentAct":{"count":16503435,"self":58.986252799999995,"total":59.0520034,"children":{"AgentInfo.ToProto":{"count":461,"self":0.0059821,"total":0.065748199999999993,"children":{"GenerateSensorData":{"count":461,"self":0.059766099999999996,"total":0.059766099999999996,"children":{"RayPerceptionSensor.Perceive":{"count":461,"self":0,"total":0,"children":null}}}}}}},"AgentInfo.ToProto":{"count":1485,"self":0.0139574,"total":0.063363099999999992,"children":{"GenerateSensorData":{"count":1485,"self":0.0464136,"total":0.0494057,"children":{"RayPerceptionSensor.Perceive":{"count":1485,"self":0.0029920999999999997,"total":0.0029920999999999997,"children":null}}}}}},"gauges":{"botCollision_behaviour_V2.CumulativeReward":{"count":1946,"max":19865.4629,"min":-61775.4336,"runningAverage":4421.44971,"value":6880.827,"weightedAverage":3208.77954}},"metadata":{"timer_format_version":"0.1.0","start_time_seconds":"1634565654","unity_version":"2020.3.16f1","command_line_arguments":"D:\\Unity\\2020.3.16f1\\Editor\\Unity.exe -projectpath C:\/Users\/dawso.DESKTOP-SK6U4T8\/Documents\/GitHub\/2021Spr_SES3A_Team1 -useHub -hubIPC -cloudEnvironment production -hubSessionId 3b5a7ce0-2f5e-11ec-bb5a-d99db6b2eea3","communication_protocol_version":"1.5.0","com.unity.ml-agents_version":"2.1.0-exp.1","scene_name":"Training-RaceArea01","end_time_seconds":"1634612722"}}