{"count":1,"self":9809.739776,"total":31043.244870299997,"children":{"InitializeActuators":{"count":1,"self":0.00099859999999999988,"total":0.00099859999999999988,"children":null},"InitializeSensors":{"count":1,"self":0.0030407,"total":0.0030407,"children":null},"AgentSendState":{"count":7653951,"self":190.1204608,"total":357.3963389,"children":{"CollectObservations":{"count":1530791,"self":14.095115199999999,"total":14.0951153,"children":null},"WriteActionMask":{"count":1530791,"self":4.0069235999999995,"total":4.0069235,"children":null},"RequestDecision":{"count":1530791,"self":19.9051488,"total":149.17384339999998,"children":{"AgentInfo.ToProto":{"count":1530791,"self":18.683678399999998,"total":129.2686943,"children":{"GenerateSensorData":{"count":1530791,"self":100.3094016,"total":110.5850158,"children":{"RayPerceptionSensor.Perceive":{"count":1530791,"self":10.2756168,"total":10.275616999999999,"children":null}}}}}}}}},"DecideAction":{"count":7653951,"self":20799.3585664,"total":20799.358890299998,"children":null},"AgentAct":{"count":7653951,"self":76.6719104,"total":76.7099369,"children":{"AgentInfo.ToProto":{"count":437,"self":0.0040328,"total":0.0380295,"children":{"GenerateSensorData":{"count":437,"self":0.0309903,"total":0.0339967,"children":{"RayPerceptionSensor.Perceive":{"count":437,"self":0.0030064,"total":0.0030064,"children":null}}}}}}},"AgentInfo.ToProto":{"count":298,"self":0.0050062,"total":0.024999,"children":{"GenerateSensorData":{"count":298,"self":0.018989799999999998,"total":0.019992799999999998,"children":{"RayPerceptionSensor.Perceive":{"count":298,"self":0.001003,"total":0.001003,"children":null}}}}}},"gauges":{"botCollision_behaviour_V3.CumulativeReward":{"count":735,"max":22846.877,"min":-50755.0078,"runningAverage":1997.4104,"value":7992.067,"weightedAverage":6846.13525}},"metadata":{"timer_format_version":"0.1.0","start_time_seconds":"1634910946","unity_version":"2020.3.16f1","command_line_arguments":"C:\\Program Files\\Unity\\Hub\\Editor\\2020.3.16f1\\Editor\\Unity.exe -projectpath C:\/Users\/Nathan\/Documents\/GitHub\/Studio_3A\/ses3a -useHub -hubIPC -cloudEnvironment production -hubSessionId 5bbe2330-333a-11ec-b6dd-39a3966fdb55","communication_protocol_version":"1.5.0","com.unity.ml-agents_version":"2.1.0-exp.1","scene_name":"Training-RaceArea01","end_time_seconds":"1634941989"}}