{"count":1,"self":12.2727112,"total":12.305603999999999,"children":{"InitializeActuators":{"count":2,"self":0.001414,"total":0.001414,"children":null},"InitializeSensors":{"count":2,"self":0.0026089999999999998,"total":0.0026089999999999998,"children":null},"AgentSendState":{"count":587,"self":0.012091,"total":0.017157,"children":{"CollectObservations":{"count":196,"self":0.0016699999999999998,"total":0.0016699999999999998,"children":null},"WriteActionMask":{"count":196,"self":0.00050599999999999994,"total":0.00050599999999999994,"children":null},"RequestDecision":{"count":196,"self":0.002185,"total":0.0028899999999999998,"children":{"RayPerceptionSensor.Perceive":{"count":196,"self":0.000705,"total":0.000705,"children":null}}}}},"DecideAction":{"count":587,"self":0.004803,"total":0.004803,"children":null},"AgentAct":{"count":587,"self":0.0060339999999999994,"total":0.0060339999999999994,"children":null}},"gauges":{},"metadata":{"timer_format_version":"0.1.0","start_time_seconds":"1631526777","unity_version":"2020.3.17f1","command_line_arguments":"\/home\/arian\/Unity\/Hub\/Editor\/2020.3.17f1\/Editor\/Unity -projectpath \/home\/arian\/Documents\/GitHub\/2021Spr_SES3A_Team1 -useHub -hubIPC -cloudEnvironment production -hubSessionId 473035c0-144a-11ec-90a1-317d8dadef2c -accessToken DoAPrgwlIu0HUIfLTTKH-JFntKzOPuqb8TLg4ff-cpI00ff","communication_protocol_version":"1.5.0","com.unity.ml-agents_version":"2.1.0-exp.1","scene_name":"Training","end_time_seconds":"1631526789"}}