{"count":1,"self":6202.1681152,"total":28035.432100399998,"children":{"InitializeActuators":{"count":4,"self":0,"total":0,"children":null},"InitializeSensors":{"count":4,"self":0.0019665999999999998,"total":0.0039623,"children":{"CreateObservableSensors":{"count":4,"self":0.0019957,"total":0.0019957,"children":null}}},"AgentSendState":{"count":16590935,"self":561.9593728,"total":849.89281829999993,"children":{"CollectObservations":{"count":13272748,"self":27.7484352,"total":27.7484339,"children":null},"WriteActionMask":{"count":13272748,"self":7.361076,"total":7.361076,"children":null},"RequestDecision":{"count":13272748,"self":30.1372768,"total":252.8239347,"children":{"AgentInfo.ToProto":{"count":13272748,"self":28.5107552,"total":222.68665819999998,"children":{"GenerateSensorData":{"count":13272748,"self":170.4929536,"total":194.1759036,"children":{"RayPerceptionSensor.Perceive":{"count":13272748,"self":23.6829504,"total":23.682950599999998,"children":null}}}}}}}}},"DecideAction":{"count":16590935,"self":20900.306944,"total":20900.3071161,"children":null},"AgentAct":{"count":16590935,"self":82.866316799999993,"total":82.8867294,"children":{"AgentInfo.ToProto":{"count":1260,"self":0.0029912999999999997,"total":0.0204109,"children":{"GenerateSensorData":{"count":1260,"self":0.016426899999999998,"total":0.0174196,"children":{"RayPerceptionSensor.Perceive":{"count":1260,"self":0.0009927,"total":0.0009927,"children":null}}}}}}},"AgentInfo.ToProto":{"count":6676,"self":0.0349016,"total":0.17256639999999998,"children":{"GenerateSensorData":{"count":6676,"self":0.12371249999999999,"total":0.1376648,"children":{"RayPerceptionSensor.Perceive":{"count":6676,"self":0.013952299999999999,"total":0.013952299999999999,"children":null}}}}}},"gauges":{"botCollision_behaviour_V3.CumulativeReward":{"count":7936,"max":57418.93,"min":-67588.07,"runningAverage":13531.03,"value":19828.6777,"weightedAverage":18894.9453}},"metadata":{"timer_format_version":"0.1.0","start_time_seconds":"1635002444","unity_version":"2020.3.16f1","command_line_arguments":"D:\\Unity\\2020.3.16f1\\Editor\\Unity.exe -projectpath C:\/Users\/dawso.DESKTOP-SK6U4T8\/Documents\/GitHub\/2021Spr_SES3A_Team1 -useHub -hubIPC -cloudEnvironment production -hubSessionId 384cab80-32de-11ec-9467-f7baf29608af","communication_protocol_version":"1.5.0","com.unity.ml-agents_version":"2.1.0-exp.1","scene_name":"Training-RaceArea01","end_time_seconds":"1635030479"}}