{"count":1,"self":22064.979968,"total":36421.0939151,"children":{"InitializeActuators":{"count":1,"self":0.0009973,"total":0.0009973,"children":null},"InitializeSensors":{"count":1,"self":0.0009973,"total":0.0009973,"children":null},"AgentSendState":{"count":15485835,"self":141.6482944,"total":319.7417785,"children":{"CollectObservations":{"count":3097167,"self":14.4566304,"total":14.4566301,"children":null},"WriteActionMask":{"count":3097167,"self":2.879151,"total":2.879151,"children":null},"RequestDecision":{"count":3097167,"self":14.5593696,"total":160.75770029999998,"children":{"AgentInfo.ToProto":{"count":3097167,"self":14.8003232,"total":146.1983304,"children":{"GenerateSensorData":{"count":3097167,"self":124.7480576,"total":131.3980072,"children":{"RayPerceptionSensor.Perceive":{"count":3097167,"self":6.6499451999999994,"total":6.6499453,"children":null}}}}}}}}},"DecideAction":{"count":15485835,"self":13982.6610176,"total":13982.6616889,"children":null},"AgentAct":{"count":15485835,"self":53.599472,"total":53.65132,"children":{"AgentInfo.ToProto":{"count":450,"self":0.0029912,"total":0.0518487,"children":{"GenerateSensorData":{"count":450,"self":0.0468658,"total":0.0488575,"children":{"RayPerceptionSensor.Perceive":{"count":450,"self":0.0019917,"total":0.0019917,"children":null}}}}}}},"AgentInfo.ToProto":{"count":1606,"self":0.0069134,"total":0.056741599999999996,"children":{"GenerateSensorData":{"count":1606,"self":0.045843499999999995,"total":0.049828199999999996,"children":{"RayPerceptionSensor.Perceive":{"count":1606,"self":0.0039847,"total":0.0039847,"children":null}}}}}},"gauges":{"botCollision_behaviour_V2.CumulativeReward":{"count":2056,"max":12325.1143,"min":-43365.6875,"runningAverage":4200.20166,"value":8809.458,"weightedAverage":6477.7583}},"metadata":{"timer_format_version":"0.1.0","start_time_seconds":"1634430626","unity_version":"2020.3.16f1","command_line_arguments":"D:\\Unity\\2020.3.16f1\\Editor\\Unity.exe -projectpath C:\/Users\/dawso.DESKTOP-SK6U4T8\/Documents\/GitHub\/2021Spr_SES3A_Team1 -useHub -hubIPC -cloudEnvironment production -hubSessionId 6d724710-2d67-11ec-b44f-7dd05c5b597a","communication_protocol_version":"1.5.0","com.unity.ml-agents_version":"2.1.0-exp.1","scene_name":"Training-RaceArea01","end_time_seconds":"1634467047"}}