{"count":1,"self":24048.1435648,"total":38495.128956399996,"children":{"InitializeActuators":{"count":1,"self":0,"total":0,"children":null},"InitializeSensors":{"count":1,"self":0.0020207,"total":0.0020207,"children":null},"AgentSendState":{"count":15716568,"self":140.7075968,"total":311.0991199,"children":{"CollectObservations":{"count":3143314,"self":14.885278399999999,"total":14.8852785,"children":null},"WriteActionMask":{"count":3143314,"self":2.8215668,"total":2.8215668999999997,"children":null},"RequestDecision":{"count":3143314,"self":14.732047999999999,"total":152.6846837,"children":{"AgentInfo.ToProto":{"count":3143314,"self":14.6240784,"total":137.95263549999999,"children":{"GenerateSensorData":{"count":3143314,"self":116.7633152,"total":123.32855719999999,"children":{"RayPerceptionSensor.Perceive":{"count":3143314,"self":6.5652452,"total":6.5652452,"children":null}}}}}}}}},"DecideAction":{"count":15716568,"self":14083.2014336,"total":14083.202070399999,"children":null},"AgentAct":{"count":15716568,"self":52.580140799999995,"total":52.622071,"children":{"AgentInfo.ToProto":{"count":511,"self":0.0019890999999999997,"total":0.0419315,"children":{"GenerateSensorData":{"count":511,"self":0.0389498,"total":0.039942399999999996,"children":{"RayPerceptionSensor.Perceive":{"count":511,"self":0.0009926,"total":0.0009926,"children":null}}}}}}},"AgentInfo.ToProto":{"count":1428,"self":0.0059822,"total":0.0588186,"children":{"GenerateSensorData":{"count":1428,"self":0.0418682,"total":0.0528364,"children":{"RayPerceptionSensor.Perceive":{"count":1428,"self":0.010968199999999999,"total":0.010968199999999999,"children":null}}}}}},"gauges":{"botCollision_behaviour_V2.CumulativeReward":{"count":1939,"max":11733.2314,"min":-44509.9922,"runningAverage":4373.93,"value":8267.539,"weightedAverage":7487.369}},"metadata":{"timer_format_version":"0.1.0","start_time_seconds":"1634484548","unity_version":"2020.3.16f1","command_line_arguments":"D:\\Unity\\2020.3.16f1\\Editor\\Unity.exe -projectpath C:\/Users\/dawso.DESKTOP-SK6U4T8\/Documents\/GitHub\/2021Spr_SES3A_Team1 -useHub -hubIPC -cloudEnvironment production -skipUpgradeDialogs -hubSessionId 3b5a7ce0-2f5e-11ec-bb5a-d99db6b2eea3","communication_protocol_version":"1.5.0","com.unity.ml-agents_version":"2.1.0-exp.1","scene_name":"Training-RaceArea01","end_time_seconds":"1634523043"}}