{"count":1,"self":1847.4921984,"total":5440.5088039,"children":{"InitializeActuators":{"count":1,"self":0.00099549999999999986,"total":0.00099549999999999986,"children":null},"InitializeSensors":{"count":1,"self":0.0009975,"total":0.0009975,"children":null},"AgentSendState":{"count":3507551,"self":30.0791968,"total":56.0861905,"children":{"CollectObservations":{"count":701511,"self":2.1841564,"total":2.1841562999999997,"children":null},"WriteActionMask":{"count":701511,"self":0.60040949999999993,"total":0.60040949999999993,"children":null},"RequestDecision":{"count":701511,"self":3.0709896,"total":23.2224288,"children":{"AgentInfo.ToProto":{"count":701511,"self":2.9566863999999997,"total":20.1514392,"children":{"GenerateSensorData":{"count":701511,"self":15.730592,"total":17.1947527,"children":{"RayPerceptionSensor.Perceive":{"count":701511,"self":1.4641604,"total":1.4641604,"children":null}}}}}}}}},"DecideAction":{"count":3507551,"self":3524.4363776,"total":3524.4364462999997,"children":null},"AgentAct":{"count":3507551,"self":12.477043199999999,"total":12.478039599999999,"children":{"AgentInfo.ToProto":{"count":29,"self":0,"total":0.00099669999999999989,"children":{"GenerateSensorData":{"count":29,"self":0.00099669999999999989,"total":0.00099669999999999989,"children":{"RayPerceptionSensor.Perceive":{"count":29,"self":0,"total":0,"children":null}}}}}}},"AgentInfo.ToProto":{"count":465,"self":0.0019946,"total":0.0129745,"children":{"GenerateSensorData":{"count":465,"self":0.0099832999999999988,"total":0.010979899999999999,"children":{"RayPerceptionSensor.Perceive":{"count":465,"self":0.0009966,"total":0.0009966,"children":null}}}}}},"gauges":{"botCollision_behaviour_V3.CumulativeReward":{"count":494,"max":31192.5918,"min":-244761.188,"runningAverage":11614.0381,"value":17883.3535,"weightedAverage":16684.11}},"metadata":{"timer_format_version":"0.1.0","start_time_seconds":"1635249222","unity_version":"2020.3.16f1","command_line_arguments":"D:\\Unity\\2020.3.16f1\\Editor\\Unity.exe -projectpath C:\/Users\/dawso.DESKTOP-SK6U4T8\/Documents\/GitHub\/2021Spr_SES3A_Team1 -useHub -hubIPC -cloudEnvironment production -skipUpgradeDialogs -hubSessionId 8b6a9a40-3647-11ec-86b8-f5b9dcd33150","communication_protocol_version":"1.5.0","com.unity.ml-agents_version":"2.1.0-exp.1","scene_name":"Training-RaceArea01","end_time_seconds":"1635254662"}}