{"count":1,"self":3640.0427007999997,"total":17267.3345429,"children":{"InitializeActuators":{"count":3,"self":0.0009678,"total":0.0009678,"children":null},"InitializeSensors":{"count":3,"self":0.0019908,"total":0.0019908,"children":null},"AgentSendState":{"count":11390601,"self":189.50490879999998,"total":351.9457313,"children":{"CollectObservations":{"count":6834363,"self":15.0743408,"total":15.0743415,"children":null},"WriteActionMask":{"count":6834363,"self":3.9949863999999997,"total":3.9949863999999997,"children":null},"RequestDecision":{"count":6834363,"self":17.1859424,"total":143.3714961,"children":{"AgentInfo.ToProto":{"count":6834363,"self":16.5061568,"total":126.18555409999999,"children":{"GenerateSensorData":{"count":6834363,"self":97.267552,"total":109.67939799999999,"children":{"RayPerceptionSensor.Perceive":{"count":6834363,"self":12.4118488,"total":12.411848899999999,"children":null}}}}}}}}},"DecideAction":{"count":11390601,"self":13223.0053888,"total":13223.005596699999,"children":null},"AgentAct":{"count":11390601,"self":52.152025599999995,"total":52.1550138,"children":{"AgentInfo.ToProto":{"count":197,"self":0.0009975,"total":0.0029866,"children":{"GenerateSensorData":{"count":197,"self":0.0019890999999999997,"total":0.0019890999999999997,"children":{"RayPerceptionSensor.Perceive":{"count":197,"self":0,"total":0,"children":null}}}}}}},"AgentInfo.ToProto":{"count":6066,"self":0.0279674,"total":0.18172339999999998,"children":{"GenerateSensorData":{"count":6066,"self":0.134822,"total":0.153756,"children":{"RayPerceptionSensor.Perceive":{"count":6066,"self":0.018934,"total":0.018934,"children":null}}}}}},"gauges":{"botCollision_behaviour_V3.CumulativeReward":{"count":6263,"max":40074.1758,"min":-380306.875,"runningAverage":13881.2148,"value":60.6866,"weightedAverage":12807.7725}},"metadata":{"timer_format_version":"0.1.0","start_time_seconds":"1635320517","unity_version":"2020.3.16f1","command_line_arguments":"D:\\Unity\\2020.3.16f1\\Editor\\Unity.exe -projectpath C:\/Users\/dawso.DESKTOP-SK6U4T8\/Documents\/GitHub\/2021Spr_SES3A_Team1 -useHub -hubIPC -cloudEnvironment production -hubSessionId 8b6a9a40-3647-11ec-86b8-f5b9dcd33150","communication_protocol_version":"1.5.0","com.unity.ml-agents_version":"2.1.0-exp.1","scene_name":"Training-RaceArea01","end_time_seconds":"1635337784"}}