{
    "name": "root",
    "gauges": {
        "TrackDriverBehaviour.Policy.Entropy.mean": {
            "value": 0.6138776540756226,
            "min": 0.6138776540756226,
            "max": 1.414832592010498,
            "count": 50
        },
        "TrackDriverBehaviour.Policy.Entropy.sum": {
            "value": 6325.3955078125,
            "min": 6061.703125,
            "max": 14578.435546875,
            "count": 50
        },
        "TrackDriverBehaviour.Step.mean": {
            "value": 499984.0,
            "min": 9984.0,
            "max": 499984.0,
            "count": 50
        },
        "TrackDriverBehaviour.Step.sum": {
            "value": 499984.0,
            "min": 9984.0,
            "max": 499984.0,
            "count": 50
        },
        "TrackDriverBehaviour.Policy.ExtrinsicValueEstimate.mean": {
            "value": 12.440680503845215,
            "min": -16.9823055267334,
            "max": 17.61854362487793,
            "count": 50
        },
        "TrackDriverBehaviour.Policy.ExtrinsicValueEstimate.sum": {
            "value": 1953.186767578125,
            "min": -2649.23974609375,
            "max": 2854.2041015625,
            "count": 50
        },
        "TrackDriverBehaviour.Losses.PolicyLoss.mean": {
            "value": 0.24703173794711464,
            "min": 0.2340136365110072,
            "max": 0.2558194565354844,
            "count": 50
        },
        "TrackDriverBehaviour.Losses.PolicyLoss.sum": {
            "value": 5.434698234836522,
            "min": 5.148300003242158,
            "max": 5.753688037743025,
            "count": 50
        },
        "TrackDriverBehaviour.Losses.ValueLoss.mean": {
            "value": 10.400625133124219,
            "min": 0.18842734482227694,
            "max": 61.11070804693622,
            "count": 50
        },
        "TrackDriverBehaviour.Losses.ValueLoss.sum": {
            "value": 228.8137529287328,
            "min": 4.33382893091237,
            "max": 1405.546285079533,
            "count": 50
        },
        "TrackDriverBehaviour.Policy.LearningRate.mean": {
            "value": 2.908899030399998e-06,
            "min": 2.908899030399998e-06,
            "max": 0.0002969088010304,
            "count": 50
        },
        "TrackDriverBehaviour.Policy.LearningRate.sum": {
            "value": 6.399577866879996e-05,
            "min": 6.399577866879996e-05,
            "max": 0.0065319936226688,
            "count": 50
        },
        "TrackDriverBehaviour.Policy.Epsilon.mean": {
            "value": 0.10096959999999999,
            "min": 0.10096959999999999,
            "max": 0.19896960000000002,
            "count": 50
        },
        "TrackDriverBehaviour.Policy.Epsilon.sum": {
            "value": 2.2213312,
            "min": 2.2213312,
            "max": 4.4390336,
            "count": 50
        },
        "TrackDriverBehaviour.Policy.Beta.mean": {
            "value": 1.4751039999999998e-05,
            "min": 1.4751039999999998e-05,
            "max": 0.00049495104,
            "count": 50
        },
        "TrackDriverBehaviour.Policy.Beta.sum": {
            "value": 0.00032452287999999995,
            "min": 0.00032452287999999995,
            "max": 0.01088892288,
            "count": 50
        },
        "TrackDriverBehaviour.IsTraining.mean": {
            "value": 1.0,
            "min": 1.0,
            "max": 1.0,
            "count": 50
        },
        "TrackDriverBehaviour.IsTraining.sum": {
            "value": 1.0,
            "min": 1.0,
            "max": 1.0,
            "count": 50
        },
        "TrackDriverBehaviour.Environment.EpisodeLength.mean": {
            "value": 1665.0,
            "min": 1665.0,
            "max": 1666.0,
            "count": 42
        },
        "TrackDriverBehaviour.Environment.EpisodeLength.sum": {
            "value": 11655.0,
            "min": 11655.0,
            "max": 11662.0,
            "count": 42
        },
        "TrackDriverBehaviour.Environment.CumulativeReward.mean": {
            "value": 286.0,
            "min": -336.50001612731387,
            "max": 292.31428568703785,
            "count": 49
        },
        "TrackDriverBehaviour.Environment.CumulativeReward.sum": {
            "value": 286.0,
            "min": -2355.500112891197,
            "max": 2046.1999998092651,
            "count": 49
        },
        "TrackDriverBehaviour.Policy.ExtrinsicReward.mean": {
            "value": 286.0,
            "min": -336.50001612731387,
            "max": 292.31428568703785,
            "count": 49
        },
        "TrackDriverBehaviour.Policy.ExtrinsicReward.sum": {
            "value": 286.0,
            "min": -2355.500112891197,
            "max": 2046.1999998092651,
            "count": 49
        }
    },
    "metadata": {
        "timer_format_version": "0.1.0",
        "start_time_seconds": "1630081138",
        "python_version": "3.9.5 (default, May 11 2021, 08:20:37) \n[GCC 10.3.0]",
        "command_line_arguments": "/home/arian/Documents/GitHub/2021Spr_SES3A_Team1/python-environments/venv-cuda-linux/bin/mlagents-learn config/trackDriverBehaviour.yaml --run-id=LeftTurnTrackTrain_2 --force",
        "mlagents_version": "0.27.0",
        "mlagents_envs_version": "0.27.0",
        "communication_protocol_version": "1.5.0",
        "pytorch_version": "1.8.2+cu111",
        "numpy_version": "1.19.5",
        "end_time_seconds": "1630082909"
    },
    "total": 1771.8408690200013,
    "count": 1,
    "self": 0.0050688189949141815,
    "children": {
        "run_training.setup": {
            "total": 0.022296610004559625,
            "count": 1,
            "self": 0.022296610004559625
        },
        "TrainerController.start_learning": {
            "total": 1771.8135035910018,
            "count": 1,
            "self": 1.1751597369657247,
            "children": {
                "TrainerController._reset_env": {
                    "total": 21.34018877899507,
                    "count": 1,
                    "self": 21.34018877899507
                },
                "TrainerController.advance": {
                    "total": 1749.2696422260415,
                    "count": 71500,
                    "self": 1.0977422077703523,
                    "children": {
                        "env_step": {
                            "total": 712.6484691063015,
                            "count": 71500,
                            "self": 632.7089100851081,
                            "children": {
                                "SubprocessEnvManager._take_step": {
                                    "total": 79.17571564892569,
                                    "count": 71500,
                                    "self": 3.492159348068526,
                                    "children": {
                                        "TorchPolicy.evaluate": {
                                            "total": 75.68355630085716,
                                            "count": 71472,
                                            "self": 26.32095406948065,
                                            "children": {
                                                "TorchPolicy.sample_actions": {
                                                    "total": 49.36260223137651,
                                                    "count": 71472,
                                                    "self": 49.36260223137651
                                                }
                                            }
                                        }
                                    }
                                },
                                "workers": {
                                    "total": 0.7638433722677291,
                                    "count": 71500,
                                    "self": 0.0,