{
    "name": "root",
    "gauges": {
        "botCollision_behaviour_V3.Policy.Entropy.mean": {
            "value": 2.537257432937622,
            "min": 2.517406702041626,
            "max": 2.537257432937622,
            "count": 13
        },
        "botCollision_behaviour_V3.Policy.Entropy.sum": {
            "value": 25474.064453125,
            "min": 25040.9140625,
            "max": 25474.064453125,
            "count": 13
        },
        "botCollision_behaviour_V3.Step.mean": {
            "value": 129988.0,
            "min": 9978.0,
            "max": 129988.0,
            "count": 13
        },
        "botCollision_behaviour_V3.Step.sum": {
            "value": 129988.0,
            "min": 9978.0,
            "max": 129988.0,
            "count": 13
        },
        "botCollision_behaviour_V3.Policy.ExtrinsicValueEstimate.mean": {
            "value": -5.657626152038574,
            "min": -5.657626152038574,
            "max": 0.003137744963169098,
            "count": 13
        },
        "botCollision_behaviour_V3.Policy.ExtrinsicValueEstimate.sum": {
            "value": -893.9049072265625,
            "min": -893.9049072265625,
            "max": 0.49576371908187866,
            "count": 13
        },
        "botCollision_behaviour_V3.Policy.GailValueEstimate.mean": {
            "value": 7.93140983581543,
            "min": 0.08076721429824829,
            "max": 7.93140983581543,
            "count": 13
        },
        "botCollision_behaviour_V3.Policy.GailValueEstimate.sum": {
            "value": 1253.1627197265625,
            "min": 12.76121997833252,
            "max": 1253.1627197265625,
            "count": 13
        },
        "botCollision_behaviour_V3.Environment.EpisodeLength.mean": {
            "value": 2599.0,
            "min": 1246.0,
            "max": 2599.0,
            "count": 13
        },
        "botCollision_behaviour_V3.Environment.EpisodeLength.sum": {
            "value": 7797.0,
            "min": 7476.0,
            "max": 11546.0,
            "count": 13
        },
        "botCollision_behaviour_V3.Environment.CumulativeReward.mean": {
            "value": -10749.127166112265,
            "min": -10749.127166112265,
            "max": -515.5366364717484,
            "count": 13
        },
        "botCollision_behaviour_V3.Environment.CumulativeReward.sum": {
            "value": -32247.381498336792,
            "min": -32247.381498336792,
            "max": -4124.293091773987,
            "count": 13
        },
        "botCollision_behaviour_V3.Policy.ExtrinsicReward.mean": {
            "value": -4299.650928020477,
            "min": -4299.650928020477,
            "max": -206.21464842557907,
            "count": 13
        },
        "botCollision_behaviour_V3.Policy.ExtrinsicReward.sum": {
            "value": -12898.952784061432,
            "min": -12898.952784061432,
            "max": -1649.7171874046326,
            "count": 13
        },
        "botCollision_behaviour_V3.Policy.GailReward.mean": {
            "value": 1399.588400522868,
            "min": 806.4749867121378,
            "max": 1691.2468852996826,
            "count": 13
        },
        "botCollision_behaviour_V3.Policy.GailReward.sum": {
            "value": 4198.7652015686035,
            "min": 4198.7652015686035,
            "max": 7409.690542221069,
            "count": 13
        },
        "botCollision_behaviour_V3.IsTraining.mean": {
            "value": 1.0,
            "min": 1.0,
            "max": 1.0,
            "count": 13
        },
        "botCollision_behaviour_V3.IsTraining.sum": {
            "value": 1.0,
            "min": 1.0,
            "max": 1.0,
            "count": 13
        },
        "botCollision_behaviour_V3.Losses.PolicyLoss.mean": {
            "value": 0.009792867134410698,
            "min": 0.009792867134410698,
            "max": 0.009792867134410698,
            "count": 1
        },
        "botCollision_behaviour_V3.Losses.PolicyLoss.sum": {
            "value": 0.009792867134410698,
            "min": 0.009792867134410698,
            "max": 0.009792867134410698,
            "count": 1
        },
        "botCollision_behaviour_V3.Losses.ValueLoss.mean": {
            "value": 333.63568592071533,
            "min": 333.63568592071533,
            "max": 333.63568592071533,
            "count": 1
        },
        "botCollision_behaviour_V3.Losses.ValueLoss.sum": {
            "value": 333.63568592071533,
            "min": 333.63568592071533,
            "max": 333.63568592071533,
            "count": 1
        },
        "botCollision_behaviour_V3.Policy.LearningRate.mean": {
            "value": 0.00029999999999999954,
            "min": 0.00029999999999999954,
            "max": 0.00029999999999999954,
            "count": 1
        },
        "botCollision_behaviour_V3.Policy.LearningRate.sum": {
            "value": 0.00029999999999999954,
            "min": 0.00029999999999999954,
            "max": 0.00029999999999999954,
            "count": 1
        },
        "botCollision_behaviour_V3.Policy.Epsilon.mean": {
            "value": 0.14999999999999994,
            "min": 0.14999999999999994,
            "max": 0.14999999999999994,
            "count": 1
        },
        "botCollision_behaviour_V3.Policy.Epsilon.sum": {
            "value": 0.14999999999999994,
            "min": 0.14999999999999994,
            "max": 0.14999999999999994,
            "count": 1
        },
        "botCollision_behaviour_V3.Policy.Beta.mean": {
            "value": 4.9999999999999955e-05,
            "min": 4.9999999999999955e-05,
            "max": 4.9999999999999955e-05,
            "count": 1
        },
        "botCollision_behaviour_V3.Policy.Beta.sum": {
            "value": 4.9999999999999955e-05,
            "min": 4.9999999999999955e-05,
            "max": 4.9999999999999955e-05,
            "count": 1
        },
        "botCollision_behaviour_V3.Policy.GAILPolicyEstimate.mean": {
            "value": 0.4890508247539401,
            "min": 0.4890508247539401,
            "max": 0.4890508247539401,
            "count": 1
        },
        "botCollision_behaviour_V3.Policy.GAILPolicyEstimate.sum": {
            "value": 0.4890508247539401,
            "min": 0.4890508247539401,
            "max": 0.4890508247539401,
            "count": 1
        },
        "botCollision_behaviour_V3.Policy.GAILExpertEstimate.mean": {
            "value": 0.7091069921851159,
            "min": 0.7091069921851159,
            "max": 0.7091069921851159,
            "count": 1
        },
        "botCollision_behaviour_V3.Policy.GAILExpertEstimate.sum": {
            "value": 0.7091069921851159,
            "min": 0.7091069921851159,
            "max": 0.7091069921851159,
            "count": 1
        },
        "botCollision_behaviour_V3.Losses.GAILLoss.mean": {
            "value": 1.0264893457293511,
            "min": 1.0264893457293511,
            "max": 1.0264893457293511,
            "count": 1
        },
        "botCollision_behaviour_V3.Losses.GAILLoss.sum": {
            "value": 1.0264893457293511,
            "min": 1.0264893457293511,
            "max": 1.0264893457293511,
            "count": 1
        },
        "botCollision_behaviour_V3.Policy.GAILGradMagLoss.mean": {
            "value": 8.436906498670577,
            "min": 8.436906498670577,
            "max": 8.436906498670577,
            "count": 1
        },
        "botCollision_behaviour_V3.Policy.GAILGradMagLoss.sum": {
            "value": 8.436906498670577,
            "min": 8.436906498670577,
            "max": 8.436906498670577,
            "count": 1
        },
        "botCollision_behaviour_V3.Losses.PretrainingLoss.mean": {
            "value": 2.3511873483657837,
            "min": 2.3511873483657837,
            "max": 2.3511873483657837,
            "count": 1
        },
        "botCollision_behaviour_V3.Losses.PretrainingLoss.sum": {
            "value": 2.3511873483657837,