{
    "name": "root",
    "gauges": {
        "botCollision_behaviour_V2.Policy.Entropy.mean": {
            "value": 2.111645460128784,
            "min": 2.111645460128784,
            "max": 2.1120200157165527,
            "count": 7
        },
        "botCollision_behaviour_V2.Policy.Entropy.sum": {
            "value": 21074.22265625,
            "min": 20422.8984375,
            "max": 21183.40625,
            "count": 7
        },
        "botCollision_behaviour_V2.Step.mean": {
            "value": 159966.0,
            "min": 99967.0,
            "max": 159966.0,
            "count": 7
        },
        "botCollision_behaviour_V2.Step.sum": {
            "value": 159966.0,
            "min": 99967.0,
            "max": 159966.0,
            "count": 7
        },
        "botCollision_behaviour_V2.Policy.ExtrinsicValueEstimate.mean": {
            "value": -1.6196300983428955,
            "min": -1.6196300983428955,
            "max": -0.01531792152673006,
            "count": 7
        },
        "botCollision_behaviour_V2.Policy.ExtrinsicValueEstimate.sum": {
            "value": -255.90155029296875,
            "min": -255.90155029296875,
            "max": -2.32832407951355,
            "count": 7
        },
        "botCollision_behaviour_V2.Policy.GailValueEstimate.mean": {
            "value": 0.6270621418952942,
            "min": 0.003031287109479308,
            "max": 0.6270621418952942,
            "count": 7
        },
        "botCollision_behaviour_V2.Policy.GailValueEstimate.sum": {
            "value": 99.07582092285156,
            "min": 0.4789433479309082,
            "max": 99.07582092285156,
            "count": 7
        },
        "botCollision_behaviour_V2.Environment.EpisodeLength.mean": {
            "value": 2135.8,
            "min": 1952.5,
            "max": 2599.0,
            "count": 7
        },
        "botCollision_behaviour_V2.Environment.EpisodeLength.sum": {
            "value": 10679.0,
            "min": 7810.0,
            "max": 10679.0,
            "count": 7
        },
        "botCollision_behaviour_V2.Environment.CumulativeReward.mean": {
            "value": -1163.1748155593873,
            "min": -24480.1914999485,
            "max": -1163.1748155593873,
            "count": 7
        },
        "botCollision_behaviour_V2.Environment.CumulativeReward.sum": {
            "value": -5815.874077796936,
            "min": -97920.765999794,
            "max": -5815.874077796936,
            "count": 7
        },
        "botCollision_behaviour_V2.Policy.ExtrinsicReward.mean": {
            "value": -348.95244617462157,
            "min": -7344.0576692819595,
            "max": -348.95244617462157,
            "count": 7
        },
        "botCollision_behaviour_V2.Policy.ExtrinsicReward.sum": {
            "value": -1744.762230873108,
            "min": -29376.230677127838,
            "max": -1744.762230873108,
            "count": 7
        },
        "botCollision_behaviour_V2.Policy.GailReward.mean": {
            "value": 1374.8016632080078,
            "min": 1255.873675584793,
            "max": 1685.6841168403625,
            "count": 7
        },
        "botCollision_behaviour_V2.Policy.GailReward.sum": {
            "value": 6874.008316040039,
            "min": 5023.494702339172,
            "max": 6874.008316040039,
            "count": 7
        },
        "botCollision_behaviour_V2.IsTraining.mean": {
            "value": 1.0,
            "min": 1.0,
            "max": 1.0,
            "count": 7
        },
        "botCollision_behaviour_V2.IsTraining.sum": {
            "value": 1.0,
            "min": 1.0,
            "max": 1.0,
            "count": 7
        }
    },
    "metadata": {
        "timer_format_version": "0.1.0",
        "start_time_seconds": "1634201858",
        "python_version": "3.9.5 (tags/v3.9.5:0a7dcbd, May  3 2021, 17:27:52) [MSC v.1928 64 bit (AMD64)]",
        "command_line_arguments": "C:\\Python39\\Scripts\\mlagents-learn config\\botCollision_behaviour_V2.yaml --torch-device=cuda --run-id=CollisionBrain_V2_test --resume",
        "mlagents_version": "0.27.0",
        "mlagents_envs_version": "0.27.0",
        "communication_protocol_version": "1.5.0",
        "pytorch_version": "1.7.1+cu110",
        "numpy_version": "1.19.5",
        "end_time_seconds": "1634203435"
    },
    "total": 1576.4947996,
    "count": 1,
    "self": 0.02317429999993692,
    "children": {
        "run_training.setup": {
            "total": 0.1407242000000002,
            "count": 1,
            "self": 0.1407242000000002
        },
        "TrainerController.start_learning": {
            "total": 1576.3309011000001,
            "count": 1,
            "self": 3.321084800000108,
            "children": {
                "TrainerController._reset_env": {
                    "total": 23.551007,
                    "count": 1,
                    "self": 14.1461208,
                    "children": {
                        "demo_to_buffer": {
                            "total": 9.404886199999998,
                            "count": 2,
                            "self": 0.00020659999999672607,
                            "children": {
                                "load_demonstration": {
                                    "total": 0.1806038999999977,
                                    "count": 2,
                                    "self": 0.17025420000000047,
                                    "children": {
                                        "read_file": {
                                            "total": 0.010349699999997242,
                                            "count": 6,
                                            "self": 0.010349699999997242
                                        }
                                    }
                                },
                                "make_demo_buffer": {
                                    "total": 9.224075700000004,
                                    "count": 2,
                                    "self": 1.539370799999766,
                                    "children": {
                                        "steps_from_proto": {
                                            "total": 7.684704900000238,
                                            "count": 32988,
                                            "self": 4.206996500000329,
                                            "children": {
                                                "_process_rank_one_or_two_observation": {
                                                    "total": 3.4777083999999086,
                                                    "count": 131952,
                                                    "self": 3.4777083999999086
                                                }
                                            }
                                        }
                                    }
                                }
                            }
                        }
                    }
                },
                "TrainerController.advance": {
                    "total": 1547.2432930999998,
                    "count": 76524,
                    "self": 3.3395417999806796,
                    "children": {
                        "env_step": {
                            "total": 1521.6111565000276,
                            "count": 76524,
                            "self": 959.6682952000155,
                            "children": {
                                "SubprocessEnvManager._take_step": {
                                    "total": 559.7844860000012,
                                    "count": 76524,
                                    "self": 10.698284799982389,
                                    "children": {
                                        "TorchPolicy.evaluate": {
                                            "total": 549.0862012000188,