{
    "name": "root",
    "gauges": {
        "MoveToGoal.Policy.Entropy.mean": {
            "value": 1.390528678894043,
            "min": 1.390528678894043,
            "max": 1.4214425086975098,
            "count": 4
        },
        "MoveToGoal.Policy.Entropy.sum": {
            "value": 13963.6884765625,
            "min": 13963.6884765625,
            "max": 14230.0615234375,
            "count": 4
        },
        "MoveToGoal.Environment.EpisodeLength.mean": {
            "value": 78.49532710280374,
            "min": 48.80597014925373,
            "max": 85.22123893805309,
            "count": 4
        },
        "MoveToGoal.Environment.EpisodeLength.sum": {
            "value": 8399.0,
            "min": 8399.0,
            "max": 10044.0,
            "count": 4
        },
        "MoveToGoal.Step.mean": {
            "value": 39984.0,
            "min": 9989.0,
            "max": 39984.0,
            "count": 4
        },
        "MoveToGoal.Step.sum": {
            "value": 39984.0,
            "min": 9989.0,
            "max": 39984.0,
            "count": 4
        },
        "MoveToGoal.Policy.ExtrinsicValueEstimate.mean": {
            "value": -0.47839558124542236,
            "min": -0.5302517414093018,
            "max": -0.47839558124542236,
            "count": 4
        },
        "MoveToGoal.Policy.ExtrinsicValueEstimate.sum": {
            "value": -103.81184387207031,
            "min": -128.3209228515625,
            "max": -102.23358154296875,
            "count": 4
        },
        "MoveToGoal.Environment.CumulativeReward.mean": {
            "value": -0.897196261682243,
            "min": -0.897196261682243,
            "max": -0.7192982456140351,
            "count": 4
        },
        "MoveToGoal.Environment.CumulativeReward.sum": {
            "value": -96.0,
            "min": -148.0,
            "max": -82.0,
            "count": 4
        },
        "MoveToGoal.Policy.ExtrinsicReward.mean": {
            "value": -0.897196261682243,
            "min": -0.897196261682243,
            "max": -0.7192982456140351,
            "count": 4
        },
        "MoveToGoal.Policy.ExtrinsicReward.sum": {
            "value": -96.0,
            "min": -148.0,
            "max": -82.0,
            "count": 4
        },
        "MoveToGoal.Losses.PolicyLoss.mean": {
            "value": 0.2396243012389226,
            "min": 0.2396243012389226,
            "max": 0.24300487682962155,
            "count": 4
        },
        "MoveToGoal.Losses.PolicyLoss.sum": {
            "value": 19.169944099113806,
            "min": 18.864004706802874,
            "max": 19.549739236141445,
            "count": 4
        },
        "MoveToGoal.Losses.ValueLoss.mean": {
            "value": 0.028449338328717228,
            "min": 0.028449338328717228,
            "max": 0.15616989576449494,
            "count": 4
        },
        "MoveToGoal.Losses.ValueLoss.sum": {
            "value": 2.275947066297378,
            "min": 2.275947066297378,
            "max": 12.64976155692409,
            "count": 4
        },
        "MoveToGoal.Policy.LearningRate.mean": {
            "value": 0.000279009171996945,
            "min": 0.000279009171996945,
            "max": 0.00029698386767204436,
            "count": 4
        },
        "MoveToGoal.Policy.LearningRate.sum": {
            "value": 0.022320733759755598,
            "min": 0.022320733759755598,
            "max": 0.024055693281435593,
            "count": 4
        },
        "MoveToGoal.Policy.Epsilon.mean": {
            "value": 0.19300305500000003,
            "min": 0.19300305500000003,
            "max": 0.19899462222222228,
            "count": 4
        },
        "MoveToGoal.Policy.Epsilon.sum": {
            "value": 15.440244400000003,
            "min": 15.365314200000002,
            "max": 16.118564400000004,
            "count": 4
        },
        "MoveToGoal.Policy.Beta.mean": {
            "value": 0.00046571496949999997,
            "min": 0.00046571496949999997,
            "max": 0.0004950736488888888,
            "count": 4
        },
        "MoveToGoal.Policy.Beta.sum": {
            "value": 0.03725719756,
            "min": 0.03725719756,
            "max": 0.04010096555999999,
            "count": 4
        },
        "MoveToGoal.IsTraining.mean": {
            "value": 1.0,
            "min": 1.0,
            "max": 1.0,
            "count": 4
        },
        "MoveToGoal.IsTraining.sum": {
            "value": 1.0,
            "min": 1.0,
            "max": 1.0,
            "count": 4
        }
    },
    "metadata": {
        "timer_format_version": "0.1.0",
        "start_time_seconds": "1629957869",
        "python_version": "3.9.5 (default, May 11 2021, 08:20:37) \n[GCC 10.3.0]",
        "command_line_arguments": "/home/arian/Documents/GitHub/2021Spr_SES3A_Team1/python-environments/venv-cuda-linux/bin/mlagents-learn config/moveToGoal.yaml --force",
        "mlagents_version": "0.27.0",
        "mlagents_envs_version": "0.27.0",
        "communication_protocol_version": "1.5.0",
        "pytorch_version": "1.8.2+cu111",
        "numpy_version": "1.19.5",
        "end_time_seconds": "1629958327"
    },
    "total": 458.4201812340034,
    "count": 1,
    "self": 0.0039696360036032274,
    "children": {
        "run_training.setup": {
            "total": 0.022084978001657873,
            "count": 1,
            "self": 0.022084978001657873
        },
        "TrainerController.start_learning": {
            "total": 458.39412661999813,
            "count": 1,
            "self": 0.8736511999377399,
            "children": {
                "TrainerController._reset_env": {
                    "total": 11.086295043998689,
                    "count": 1,
                    "self": 11.086295043998689
                },
                "TrainerController.advance": {
                    "total": 446.3709824080652,
                    "count": 49720,
                    "self": 0.8040580006854725,
                    "children": {
                        "env_step": {
                            "total": 342.41112543796044,
                            "count": 49720,
                            "self": 275.3454084851546,
                            "children": {
                                "SubprocessEnvManager._take_step": {
                                    "total": 66.48874381875066,
                                    "count": 49720,
                                    "self": 2.6654041293804767,
                                    "children": {
                                        "TorchPolicy.evaluate": {
                                            "total": 63.82333968937019,
                                            "count": 49173,
                                            "self": 25.74552626330842,
                                            "children": {
                                                "TorchPolicy.sample_actions": {
                                                    "total": 38.077813426061766,
                                                    "count": 49173,
                                                    "self": 38.077813426061766
                                                }
                                            }
                                        }
                                    }
                                },
                                "workers": {
                                    "total": 0.5769731340551516,
                                    "count": 49719,
                                    "self": 0.0,
                                    "children": {
                                        "worker_root": {
                                            "total": 456.7115085250625,
                                            "count": 49719,
                                            "is_parallel": true,