{
    "name": "root",
    "gauges": {
        "botCollision_behaviour_V3.Policy.Entropy.mean": {
            "value": 1.3834803104400635,
            "min": 1.3694816827774048,
            "max": 1.3834803104400635,
            "count": 3
        },
        "botCollision_behaviour_V3.Policy.Entropy.sum": {
            "value": 68135.0234375,
            "min": 29035.75,
            "max": 68648.578125,
            "count": 3
        },
        "botCollision_behaviour_V3.Step.mean": {
            "value": 4099560.0,
            "min": 3999897.0,
            "max": 4099560.0,
            "count": 3
        },
        "botCollision_behaviour_V3.Step.sum": {
            "value": 4099560.0,
            "min": 3999897.0,
            "max": 4099560.0,
            "count": 3
        },
        "botCollision_behaviour_V3.Policy.ExtrinsicValueEstimate.mean": {
            "value": 516.0538940429688,
            "min": 516.0538940429688,
            "max": 545.7500610351562,
            "count": 3
        },
        "botCollision_behaviour_V3.Policy.ExtrinsicValueEstimate.sum": {
            "value": 35091.6640625,
            "min": 14189.501953125,
            "max": 36234.8359375,
            "count": 3
        },
        "botCollision_behaviour_V3.Policy.GailValueEstimate.mean": {
            "value": 56.9089469909668,
            "min": 56.9089469909668,
            "max": 57.49946594238281,
            "count": 3
        },
        "botCollision_behaviour_V3.Policy.GailValueEstimate.sum": {
            "value": 3869.808349609375,
            "min": 1494.986083984375,
            "max": 3893.31005859375,
            "count": 3
        },
        "botCollision_behaviour_V3.Environment.EpisodeLength.mean": {
            "value": 1434.6857142857143,
            "min": 1434.6857142857143,
            "max": 1553.0,
            "count": 3
        },
        "botCollision_behaviour_V3.Environment.EpisodeLength.sum": {
            "value": 50214.0,
            "min": 20189.0,
            "max": 50214.0,
            "count": 3
        },
        "botCollision_behaviour_V3.Environment.CumulativeReward.mean": {
            "value": 15399.051586599911,
            "min": 12978.36004560134,
            "max": 16733.94080528846,
            "count": 3
        },
        "botCollision_behaviour_V3.Environment.CumulativeReward.sum": {
            "value": 523567.753944397,
            "min": 217541.23046875,
            "max": 523567.753944397,
            "count": 3
        },
        "botCollision_behaviour_V3.Policy.ExtrinsicReward.mean": {
            "value": 7699.525793299956,
            "min": 6489.18002280067,
            "max": 8366.97040264423,
            "count": 3
        },
        "botCollision_behaviour_V3.Policy.ExtrinsicReward.sum": {
            "value": 261783.8769721985,
            "min": 108770.615234375,
            "max": 261783.8769721985,
            "count": 3
        },
        "botCollision_behaviour_V3.Policy.GailReward.mean": {
            "value": 891.5540075582617,
            "min": 891.5540075582617,
            "max": 966.4754826472356,
            "count": 3
        },
        "botCollision_behaviour_V3.Policy.GailReward.sum": {
            "value": 30312.836256980896,
            "min": 12564.181274414062,
            "max": 31033.690131664276,
            "count": 3
        },
        "botCollision_behaviour_V3.IsTraining.mean": {
            "value": 1.0,
            "min": 1.0,
            "max": 1.0,
            "count": 3
        },
        "botCollision_behaviour_V3.IsTraining.sum": {
            "value": 1.0,
            "min": 1.0,
            "max": 1.0,
            "count": 3
        }
    },
    "metadata": {
        "timer_format_version": "0.1.0",
        "start_time_seconds": "1635239065",
        "python_version": "3.9.5 (tags/v3.9.5:0a7dcbd, May  3 2021, 17:27:52) [MSC v.1928 64 bit (AMD64)]",
        "command_line_arguments": "C:\\Python39\\Scripts\\mlagents-learn config\\botCollision_behaviour_V4.yaml --torch-device=cuda --run-id=CollisionBrain_V4_session_1 --resume",
        "mlagents_version": "0.27.0",
        "mlagents_envs_version": "0.27.0",
        "communication_protocol_version": "1.5.0",
        "pytorch_version": "1.7.1+cu110",
        "numpy_version": "1.19.5",
        "end_time_seconds": "1635242670"
    },
    "total": 3604.6391058,
    "count": 1,
    "self": 0.02685509999992064,
    "children": {
        "run_training.setup": {
            "total": 0.3496965000000003,
            "count": 1,
            "self": 0.3496965000000003
        },
        "TrainerController.start_learning": {
            "total": 3604.2625542,
            "count": 1,
            "self": 5.907345999949939,
            "children": {
                "TrainerController._reset_env": {
                    "total": 43.2902033,
                    "count": 1,
                    "self": 29.7453199,
                    "children": {
                        "demo_to_buffer": {
                            "total": 13.544883400000003,
                            "count": 2,
                            "self": 0.00028359999999594265,
                            "children": {
                                "load_demonstration": {
                                    "total": 0.314684800000002,
                                    "count": 2,
                                    "self": 0.3097308000000041,
                                    "children": {
                                        "read_file": {
                                            "total": 0.0049539999999979045,
                                            "count": 2,
                                            "self": 0.0049539999999979045
                                        }
                                    }
                                },
                                "make_demo_buffer": {
                                    "total": 13.229915000000005,
                                    "count": 2,
                                    "self": 2.163837599999127,
                                    "children": {
                                        "steps_from_proto": {
                                            "total": 11.066077400000879,
                                            "count": 36460,
                                            "self": 6.045572500001811,
                                            "children": {
                                                "_process_rank_one_or_two_observation": {
                                                    "total": 5.020504899999068,
                                                    "count": 145840,
                                                    "self": 5.020504899999068
                                                }
                                            }
                                        }
                                    }
                                }
                            }
                        }
                    }
                },
                "TrainerController.advance": {
                    "total": 3554.7520237000504,
                    "count": 165817,
                    "self": 5.780654599997433,
                    "children": {
                        "env_step": {
                            "total": 3330.8844062000408,
                            "count": 165817,
                            "self": 2206.332415200124,
                            "children": {
                                "SubprocessEnvManager._take_step": {
                                    "total": 1120.4881884999866,
                                    "count": 165817,
                                    "self": 18.157676799989986,
                                    "children": {
                                        "TorchPolicy.evaluate": {
                                            "total": 1102.3305116999966,